{"cameraMode":{"drawMode":0,"name":"Shaded","section":"Shading Mode"},"sceneLighting":false,"audioPlay":false,"sceneViewState":{"m_AlwaysRefresh":false,"showFog":true,"showSkybox":false,"showFlares":true,"showImageEffects":true,"showParticleSystems":true,"showVisualEffectGraphs":true,"m_FxEnabled":true},"in2DMode":false,"pivot":{"x":7.450580596923828e-9,"y":0.6899999976158142,"z":-7.450580596923828e-9},"rotation":{"x":0.1396934688091278,"y":0.8579575419425964,"z":-0.3135676681995392,"w":0.38222676515579226},"size":0.08660545200109482,"orthographic":false}