{"cameraMode":{"drawMode":0,"name":"Shaded","section":"Shading Mode"},"sceneLighting":true,"audioPlay":false,"sceneViewState":{"m_AlwaysRefresh":false,"showFog":true,"showSkybox":false,"showFlares":true,"showImageEffects":true,"showParticleSystems":true,"showVisualEffectGraphs":true,"m_FxEnabled":true},"in2DMode":false,"pivot":{"x":-5.726799011230469,"y":2.944204807281494,"z":-4.1398162841796879},"rotation":{"x":0.05749540403485298,"y":0.9070748686790466,"z":-0.13181616365909577,"w":0.39564669132232668},"size":12.787846565246582,"orthographic":false}