{"cameraMode":{"drawMode":0,"name":"Shaded","section":"Shading Mode"},"sceneLighting":true,"audioPlay":false,"sceneViewState":{"m_AlwaysRefresh":false,"showFog":true,"showSkybox":true,"showFlares":true,"showImageEffects":true,"showParticleSystems":true,"showVisualEffectGraphs":true,"m_FxEnabled":true},"in2DMode":false,"pivot":{"x":3.2699999809265138,"y":3.2799999713897707,"z":2.1500000953674318},"rotation":{"x":0.03173422813415527,"y":-0.9656095504760742,"z":0.1423822045326233,"w":0.2152157872915268},"size":1.5176721811294556,"orthographic":false}