{"cameraMode":{"drawMode":0,"name":"Shaded","section":"Shading Mode"},"sceneLighting":true,"audioPlay":false,"sceneViewState":{"m_AlwaysRefresh":false,"showFog":true,"showSkybox":false,"showFlares":true,"showImageEffects":true,"showParticleSystems":true,"showVisualEffectGraphs":true,"m_FxEnabled":true},"in2DMode":false,"pivot":{"x":-0.13000011444091798,"y":6.045000076293945,"z":0.7309999465942383},"rotation":{"x":0.08354080468416214,"y":0.8817465305328369,"z":-0.4318193793296814,"w":0.17059528827667237},"size":14.269943237304688,"orthographic":false}